time,dvv,ccmean
2017-07-01,-0.024416736357027194,5.922143466804995
2017-07-02,-0.02242632242869628,5.935631510638302
2017-07-03,-0.021824681148952328,5.942125298968234
2017-07-04,-0.019786983801713735,5.944258615796554
2017-07-05,-0.02074195181258903,5.951152586250386
2017-07-06,-0.019748787102614813,5.953340044680322
2017-07-07,-0.021103206327661172,5.956464218397142
2017-07-08,-0.019628338192514107,5.959191180683448
2017-07-09,-0.019595895005493663,5.9611870757959355
2017-07-10,-0.019656746480530292,5.963513218731099
2017-07-11,-0.02019866952687879,5.965394151567464
2017-07-12,-0.020088946579413295,5.96617680719224
2017-07-13,-0.020055284759925598,5.968373044047975
2017-07-14,-0.0200508634764889,5.96986609928942
2017-07-15,-0.02020632491898006,5.9664165668805165
2017-07-16,-0.021928314939991256,5.968376036246125
2017-07-17,-0.02276862164979654,5.967722862769412
2017-07-18,-0.022855553976415432,5.96710600252837
2017-07-19,-0.02393480464231369,5.967011522604072
2017-07-20,-0.023263205007319095,5.968390365173811
2017-07-21,-0.02184746040878043,5.970029341913461
2017-07-22,-0.021431294777906708,5.972450194743473
2017-07-23,-0.022684267017697955,5.969985349595402
2017-07-24,-0.023523283240509806,5.96952527668217
2017-07-25,-0.02374383329052645,5.967371772627847
2017-07-26,-0.025137661738362176,5.966506912641688
2017-07-27,-0.025443616773138743,5.967402379074742
2017-07-28,-0.024580471718327866,5.970291800761728
2017-07-29,-0.024825846143508225,5.969581727070104
2017-07-30,-0.024713956431209817,5.969477625185589
2017-07-31,-0.024152222477275505,5.967133932639097
2017-08-01,-0.023895086211642554,5.96670008014641
2017-08-02,-0.022652640105980903,5.966409485388172
2017-08-03,-0.022700255706542372,5.964262147220647
2017-08-04,-0.022271965544415604,5.964307293628256
2017-08-05,-0.022973061187118195,5.964984817917031
2017-08-06,-0.022313500983954168,5.962840092001478
2017-08-07,-0.021627771247291264,5.9626724288555835
2017-08-08,-0.02121335848750868,5.961398779090256
2017-08-09,-0.020689319482969204,5.963927795115599
2017-08-10,-0.021313813684811708,5.961402096070018
2017-08-11,-0.021410741839122175,5.95989223277746
2017-08-12,-0.023728001597522867,5.949936245736302
2017-08-13,-0.023551104405533357,5.948633842345464
2017-08-14,-0.023950026624661874,5.947310195505618
2017-08-15,-0.02535403434116373,5.948923513811925
2017-08-16,-0.024293153900826682,5.952799094648682
2017-08-17,-0.024335434710792095,5.949830964680627
2017-08-18,-0.022315940666078865,5.953029382680055
2017-08-19,-0.02193836313520142,5.950836952618706
2017-08-20,-0.02157503511637884,5.950787415404148
2017-08-21,-0.023018238845983523,5.949122478356248
2017-08-22,-0.022583390434478722,5.951649827704995
2017-08-23,-0.022911039238831084,5.950655124770361
2017-08-24,-0.022885899035849176,5.950757098443469
2017-08-25,-0.0220978888502505,5.9543064488825355
2017-08-26,-0.021232770199094402,5.957897625716832
2017-08-27,-0.01980328263942748,5.9631428377259486
2017-08-28,-0.019315213033584407,5.962151755863768
2017-08-29,-0.019464232753353506,5.961421432896553
2017-08-30,-0.021061409960900505,5.961699091289701
2017-08-31,-0.02165589993883158,5.963300166667695
2017-09-01,-0.020775951350387456,5.9644680222807205
2017-09-02,-0.02028281495099646,5.966576691129114
2017-09-03,-0.020333970998578674,5.966346160438656
2017-09-04,-0.019358620671898343,5.963404638556364
2017-09-05,-0.019471264188060028,5.961528778643679
2017-09-06,-0.019137450469863114,5.960878196112953
2017-09-07,-0.01848224467689921,5.960953715725952
2017-09-08,-0.018655440889574142,5.961865171392746
2017-09-09,-0.01697575356161531,5.963085172382859
2017-09-10,-0.01642315582985157,5.961414412280558
2017-09-11,-0.016141983563616874,5.956753798002643
2017-09-12,-0.015964907728095883,5.95828512199815
2017-09-13,-0.016019205145036044,5.959940214872778
2017-09-14,-0.0153062727578237,5.957804761966042
2017-09-15,-0.01615173838109408,5.955928635168056
2017-09-16,-0.016845312895862392,5.954668776559202
2017-09-17,-0.017736099282085017,5.953316989040325
2017-09-18,-0.018825458182221533,5.949960267751297
2017-09-19,-0.017954033744776415,5.9500041898384275
2017-09-20,-0.019548296175833816,5.950310727251927
2017-09-21,-0.020117891906339867,5.9497486782572695
2017-09-22,-0.020802888637048742,5.948587135160533
2017-09-23,-0.019764338166648236,5.944868476340827
2017-09-24,-0.019292547276751077,5.942561691230906
2017-09-25,-0.01876470161692604,5.943627293606857
2017-09-26,-0.01917467978880355,5.937402221012405
2017-09-27,-0.020830668161309466,5.940842033119716
2017-09-28,-0.021383064852206528,5.943584985333554
2017-09-29,-0.020151504696386074,5.945273155730851
2017-09-30,-0.017869081281617332,5.943470520100066
2017-10-01,-0.018527937392165704,5.940665010286622
2017-10-02,-0.01936429141408266,5.940921253009877
2017-10-03,-0.018718174690170456,5.9386454511326
2017-10-04,-0.01613682950269245,5.937687706241808
2017-10-05,-0.01644149063314284,5.937393959022999
2017-10-06,-0.01748361778362364,5.933880850975793
2017-10-07,-0.01649404740166218,5.93354793717919
2017-10-08,-0.017198266582527027,5.929623199309468
2017-10-09,-0.01620298131043911,5.9226984680705534
2017-10-10,-0.016144930596706974,5.9199981077355535
2017-10-11,-0.015696961124906927,5.9155622624153645
2017-10-12,-0.014817865288778728,5.909355489869308
2017-10-13,-0.01521423105849879,5.9149413124767145
2017-10-14,-0.014742896996255795,5.916320280117513
2017-10-15,-0.01452642613214662,5.918723305730646
2017-10-16,-0.01654954875366546,5.923944223507826
2017-10-17,-0.016726288977076405,5.926610776865323
2017-10-18,-0.017165254198083825,5.921172521981023
2017-10-19,-0.01958523233469322,5.921643032068311
2017-10-20,-0.02168709333281296,5.9234579979937525
2017-10-21,-0.021253256375074064,5.925630512991251
2017-10-22,-0.020793301359907312,5.922641632596633
2017-10-23,-0.02097791609499964,5.918056947856708
2017-10-24,-0.021131588503614632,5.922061606326396
2017-10-25,-0.021024669693566894,5.917762977560063
2017-10-26,-0.02122966330583637,5.920427825336321
2017-10-27,-0.021223484540695833,5.920153931389656
2017-10-28,-0.021156902954526133,5.919743116869555
2017-10-29,-0.021000782417892487,5.921038471884484
2017-10-30,-0.021376754942894163,5.91755107972359
2017-10-31,-0.01975738238990195,5.920482677124804
2017-11-01,-0.0188556861830698,5.9171370898394
2017-11-02,-0.019787265933317918,5.9187959588749495
2017-11-03,-0.019414037253732596,5.918874601991869
2017-11-04,-0.021349893840815544,5.915733607951449
2017-11-05,-0.020845022891497887,5.921090822398902
2017-11-06,-0.020769682366987334,5.917539429192389
2017-11-07,-0.0195783619728999,5.920901144927351
2017-11-08,-0.02228453465536608,5.916603054695098
2017-11-09,-0.023309215009920344,5.924543828547705
2017-11-10,-0.024126478142501625,5.92783097419548
2017-11-11,-0.023168641723464143,5.92948579782218
2017-11-12,-0.023396778884121255,5.927854887750159
2017-11-13,-0.02550820324495276,5.92318391756975
2017-11-14,-0.025280601428489348,5.918570049405058
2017-11-15,-0.023793006461428557,5.914502749654602
2017-11-16,-0.023974776381149563,5.914741622386
2017-11-17,-0.02451005445225058,5.911926566483029
2017-11-18,-0.025776395849110848,5.915844040437263
2017-11-19,-0.02413635748820253,5.921454083081783
2017-11-20,-0.02556805073654458,5.922009579496974
2017-11-21,-0.026673042118637448,5.924535534362268
2017-11-22,-0.02514647247487438,5.925495009264445
2017-11-23,-0.02387023354038005,5.9250658686634035
2017-11-24,-0.023083784064094514,5.922456423200183
2017-11-25,-0.020834389467779782,5.91653634638451
2017-11-26,-0.020769029584279636,5.9230308595503605
2017-11-27,-0.021185868370471046,5.927483729106147
2017-11-28,-0.0206737452335381,5.924797819482597
2017-11-29,-0.020250674150617116,5.924701096070986
2017-11-30,-0.020485342803452947,5.927016466700795
2017-12-01,-0.020151853616865657,5.929031732343519
2017-12-02,-0.017257544170670176,5.928729453951404
2017-12-03,-0.018298221244072533,5.929845481302891
2017-12-04,-0.01696851159860245,5.934674522644961
2017-12-05,-0.017770938480716238,5.933279152905546
2017-12-06,-0.01847167953315418,5.935519466274876
2017-12-07,-0.017600971001466903,5.935596363086123
2017-12-08,-0.017654070923494757,5.932417624327218
2017-12-09,-0.01693295163365098,5.9324961741370865
2017-12-10,-0.017286226265606525,5.932576781250644
2017-12-11,-0.01588008991282154,5.933658510136021
2017-12-12,-0.015754993820749824,5.932583562477789
2017-12-13,-0.01733731225646605,5.934158416868002
2017-12-14,-0.016652191396289814,5.9338768060944
2017-12-15,-0.017464437521192665,5.936336279255936
2017-12-16,-0.017585341213695083,5.93858161532826
2017-12-17,-0.0175641825087171,5.940707371089905
2017-12-18,-0.016630144021924552,5.940644087515319
2017-12-19,-0.0167098055164255,5.944114415605629
2017-12-20,-0.015951868991566004,5.9427740068787225
2017-12-21,-0.015259892152493272,5.945367438007035
2017-12-22,-0.015228379584690107,5.947510550210918
2017-12-23,-0.015950089265047915,5.948036916833452
2017-12-24,-0.01694212002874759,5.952894190019214
2017-12-25,-0.01712666682744358,5.9557063533639205
2017-12-26,-0.015599052136019509,5.962368321982747
2017-12-27,-0.014603697510247936,5.964203154773662
2017-12-28,-0.013630322413524487,5.96417025999734
2017-12-29,-0.014539841612931592,5.963726821474596
2017-12-30,-0.013742032354230216,5.963296165180839
2017-12-31,-0.010954301827600689,5.966047716340443
2018-01-01,-0.010472558560749393,5.966623388169293
2018-01-02,-0.012089416708887362,5.968033397762755
2018-01-03,-0.011264713688771438,5.968296712244099
2018-01-04,-0.011512567675367595,5.9677327302994625
2018-01-05,-0.010294804413985415,5.965683491848956
2018-01-06,-0.009455476297274052,5.963603763491069
2018-01-07,-0.007601492880349065,5.964286512063008
2018-01-08,-0.00684711190918594,5.964859962264463
2018-01-09,-0.006874585923242918,5.967696048234794
2018-01-10,-0.00936256152862948,5.970210598165755
2018-01-11,-0.011759541175119782,5.972555839984586
2018-01-12,-0.010671483052774355,5.974020893778805
2018-01-13,-0.012397689741402573,5.971092419124905
2018-01-14,-0.011486791034701144,5.973301648243183
2018-01-15,-0.009693889624326225,5.971640440692231
2018-01-16,-0.007248917715038219,5.97137642701049
2018-01-17,-0.00688499327907623,5.9729605846518385
2018-01-18,-0.004747547682134225,5.973771369333536
2018-01-19,-0.0014793453823966287,5.9767469896397545
2018-01-20,-0.0015359657746307495,5.97428200266053
2018-01-21,-0.0021600566459224124,5.97716230799274
2018-01-22,-0.0015418650211981818,5.9724156640137345
2018-01-23,-0.0016610691323144962,5.9730135270641105
2018-01-24,-0.0005381758086587272,5.96997166314215
2018-01-25,-0.0011214782359957646,5.969894530785422
2018-01-26,-0.002002452142153951,5.972348793283899
2018-01-27,-0.0005783086628619165,5.973051023455275
2018-01-28,0.0005854983926440636,5.971946496915905
2018-01-29,0.0007018813843825444,5.9723042663437305
2018-01-30,-0.001155021019412914,5.972235810539055
2018-01-31,-0.0019358093636979796,5.968250180868306
2018-02-01,-0.00120319547361726,5.9640334102934265
2018-02-02,-0.0005496961975144526,5.967128713767022
2018-02-03,-0.002409838955088926,5.970675182958885
2018-02-04,-0.0034871009474998597,5.968017411662785
2018-02-05,-0.0043093268059766305,5.965977516138379
2018-02-06,-0.0042020182349627,5.9644589034350055
2018-02-07,-0.0034920369296088595,5.968407072303963
2018-02-08,-0.0018412764536287804,5.966061322185172
2018-02-09,-0.004377404735333533,5.970757096399736
2018-02-10,-0.005165299006374341,5.971874561278669
2018-02-11,-0.004003158273703923,5.974570992191709
2018-02-12,-0.004000055507577604,5.976024238530237
2018-02-13,-0.005895364936516015,5.976021652061337
2018-02-14,-0.005505128920318209,5.976820358221101
2018-02-15,-0.006006030807074262,5.981440401873893
2018-02-16,-0.007338062361909506,5.980126443828537
2018-02-17,-0.006541552380392752,5.979924544877068
2018-02-18,-0.007475409472245625,5.977917330847284
2018-02-19,-0.007919558719779899,5.977092917759511
2018-02-20,-0.007884458197253894,5.97716270873227
2018-02-21,-0.007484709796512947,5.9783567274024
2018-02-22,-0.0059396119892874384,5.975954394010388
2018-02-23,-0.005363811619827801,5.974768484226837
2018-02-24,-0.005346064891035965,5.972113049764093
2018-02-25,-0.005096857325255246,5.976939283331539
2018-02-26,-0.004787938780689056,5.974432069187775
2018-02-27,-0.005679957935064723,5.9753238547327205
2018-02-28,-0.008564071504072769,5.9751856220262916
2018-03-01,-0.01010162315924163,5.977640391494557
2018-03-02,-0.008267088838658943,5.977124622010011
2018-03-03,-0.008460676336937036,5.979188085214214
2018-03-04,-0.008710285927573927,5.97876660616218
2018-03-05,-0.00947246469940697,5.979378177144704
2018-03-06,-0.009396010845205374,5.977874681985959
2018-03-07,-0.009353101772197055,5.976149799500888
2018-03-08,-0.011331185101613815,5.970624272957546
2018-03-09,-0.012588484617050049,5.968613254251777
2018-03-10,-0.011865946804948227,5.966193571072358
2018-03-11,-0.010926391328076329,5.962673704530428
2018-03-12,-0.010458535491504866,5.96219275903684
2018-03-13,-0.012217886792602236,5.963603436549972
2018-03-14,-0.012802820670899535,5.961591929230401
2018-03-15,-0.009066874044933306,5.959625499984697
2018-03-16,-0.007595940916397698,5.9632420909149175
2018-03-17,-0.007714638244511204,5.963130248026457
2018-03-18,-0.0066689421114715115,5.961968323959094
2018-03-19,-0.007587665051299708,5.962933843771687
2018-03-20,-0.007375626740539794,5.961215991524993
2018-03-21,-0.007874828203133727,5.960443860001002
2018-03-22,-0.00755929424496528,5.959272269011363
2018-03-23,-0.00744921199517564,5.959426557346667
2018-03-24,-0.006743642385176765,5.957399082717325
2018-03-25,-0.005015823638816879,5.956329303338041
2018-03-26,-0.00521487452495412,5.955854589977038
2018-03-27,-0.0054088447642310754,5.953990090452314
2018-03-28,-0.004417161309565839,5.954139958349083
2018-03-29,-0.0049061955337378425,5.953170688761497
2018-03-30,-0.00459578248171031,5.957279157588083
2018-03-31,-0.0020662177942937557,5.956210547726407
2018-04-01,-0.00026253557978116795,5.957579772733688
2018-04-02,0.00046215538217408015,5.958931996627987
2018-04-03,-0.001526756406674365,5.963525094557986
2018-04-04,-0.0024519638612109317,5.9629745071756375
2018-04-05,-0.0025799868298120756,5.963354131693058
2018-04-06,-0.004749867325044238,5.963055896352675
2018-04-07,-0.004054269667510217,5.961853586933859
2018-04-08,-0.002922017807362127,5.958723312165607
2018-04-09,-0.001717745724994146,5.956201413484761
2018-04-10,-0.0008231558549730916,5.9570139107922175
2018-04-11,-0.0017816883502595584,5.960293806209703
2018-04-12,-0.00155047803461631,5.9595515981109
2018-04-13,-0.0004252994692527117,5.958593820045887
2018-04-14,-0.0001865072544399103,5.956884923725229
2018-04-15,0.000875303795707331,5.96313821162154
2018-04-16,-0.0005755674777333799,5.964267504735204
2018-04-17,-0.00040874947999315126,5.966893193896129
2018-04-18,-0.00014311837917525448,5.966985851502624
2018-04-19,-0.0010334728367472322,5.96636098757284
2018-04-20,-0.0006794849623517994,5.968701046454515
2018-04-21,-0.0016913779027264218,5.972027259320362
2018-04-22,-0.0005346678487629836,5.969748475664969
2018-04-23,-0.0005640501478753514,5.971046712357643
2018-04-24,-0.0024066237373629286,5.974374639723921
2018-04-25,-0.0020569268917544803,5.97304697946747
2018-04-26,-0.0022726333264758477,5.972672818095678
2018-04-27,-0.0036886048765214234,5.975283089824292
2018-04-28,-7.236231014067261e-05,5.973434606216495
2018-04-29,0.0003254148110661763,5.973772528700078
2018-04-30,-0.00042175669049906533,5.974290109759678
2018-05-01,-0.0009080598578006911,5.972902941613856
2018-05-02,-0.0021843109194621653,5.971586491455683
2018-05-03,-0.0037168234168355042,5.9723609627645065
2018-05-04,-0.0027249463998205935,5.970416646758445
2018-05-05,-0.002616394417949905,5.972357073600898
2018-05-06,-0.002220520690850461,5.971898995699385
2018-05-07,-0.0030957175168975968,5.9733918691394186
2018-05-08,-0.004180379175374389,5.972997023765864
2018-05-09,-0.0034968444036909577,5.97350850996709
2018-05-10,-0.003887298592347378,5.973887884576752
2018-05-11,-0.005471771247103943,5.97324488934684
2018-05-12,-0.006667158707537317,5.973096738819967
2018-05-13,-0.006494636907433888,5.9731883115065
2018-05-14,-0.0056813685788859435,5.97466854467927
2018-05-15,-0.006950361245428669,5.973312649503288
2018-05-16,-0.007236404590482465,5.974732523314584
2018-05-17,-0.007220208261899348,5.976112911565267
2018-05-18,-0.008571737430275225,5.977912308554311
2018-05-19,-0.010407517122965408,5.97785938864747
2018-05-20,-0.01121047035273999,5.974982024688498
2018-05-21,-0.010530856519547665,5.974801698399446
2018-05-22,-0.011296214444035379,5.974368499354556
2018-05-23,-0.01180779715699058,5.973827806387076
2018-05-24,-0.011289649146496878,5.970999650174656
2018-05-25,-0.012567788262928915,5.970447030262458
2018-05-26,-0.011123244994795466,5.969152692292043
2018-05-27,-0.010833428872316798,5.968934218234721
2018-05-28,-0.011426319537380629,5.97422886232795
2018-05-29,-0.01037800380824336,5.975765229787734
2018-05-30,-0.010485818385111713,5.973814583101118
2018-05-31,-0.00904227482048366,5.972010241169061
2018-06-01,-0.007505456230432967,5.973008048827939
2018-06-02,-0.005224510950896854,5.975960677397535
2018-06-03,-0.005273911749932552,5.975646326646324
2018-06-04,-0.00704111749251377,5.974118501078749
2018-06-05,-0.008029841090634513,5.974946718861428
2018-06-06,-0.008027501524331166,5.975694093588496
2018-06-07,-0.011309130750540672,5.971959920400003
2018-06-08,-0.010284312573016353,5.97509447912282
2018-06-09,-0.010064974905432952,5.979256334131068
2018-06-10,-0.010618683272285002,5.98320833685653
2018-06-11,-0.010569522436220141,5.984130727395673
2018-06-12,-0.008407445529531786,5.987146198240093
2018-06-13,-0.008636743133040315,5.987858084026378
2018-06-14,-0.009704316321324492,5.988149856302794
2018-06-15,-0.009474360775199614,5.989596272507402
2018-06-16,-0.00899400455148974,5.988802245057209
2018-06-17,-0.007502080280395073,5.991777649376796
2018-06-18,-0.007613440020046813,5.991505742999181
2018-06-19,-0.008117098559757603,5.991711423099432
2018-06-20,-0.006415667110757325,5.992986017105789
2018-06-21,-0.005462292398438115,5.992122342359458
2018-06-22,-0.004621977119613645,5.990382339123262
2018-06-23,-0.004759915005785509,5.989401571065791
2018-06-24,-0.0038162586140259263,5.989292332051252
2018-06-25,-0.0036487227925529587,5.9896754380306305
2018-06-26,-0.003818969634072586,5.98999865351035
2018-06-27,-0.003940741740502403,5.9872970271961385
2018-06-28,-0.0017021978575190424,5.98637792487446
2018-06-29,-0.0003392501580193916,5.985526578953484
2018-06-30,-0.0011112887881485818,5.984534775477705
2018-07-01,-0.00016259521390439905,5.984752018820253
2018-07-02,0.00041335739995942446,5.9843711409394205
2018-07-03,0.0008134258802772683,5.9829808043769805
2018-07-04,0.0014925900629059689,5.9806941810677
2018-07-05,0.0012721006767418103,5.976700077316917
2018-07-06,0.00173062824613147,5.974632680671078
2018-07-07,0.003254763945836012,5.972996884221437
2018-07-08,0.003614852454422118,5.971165293193636
2018-07-09,0.004614286845438796,5.96821051201837
2018-07-10,0.003221096810407956,5.9625715982869085
2018-07-11,0.0017751244321534442,5.959511126898432
2018-07-12,0.0011147763221351244,5.958242190964124
2018-07-13,0.002539658715366866,5.958698214754788
2018-07-14,0.003956034516662739,5.950652852012546
2018-07-15,0.005947936806008577,5.946260842712334
2018-07-16,0.006016261489048612,5.944122228815819
2018-07-17,0.007265766284044175,5.941872125402646
2018-07-18,0.007135972451566426,5.945945386912097
2018-07-19,0.007490110392638459,5.947480469604636
2018-07-20,0.009578546106730397,5.945373330058676
2018-07-21,0.012327048764954104,5.940022900005597
2018-07-22,0.011590277410779929,5.939803267503576
2018-07-23,0.010669998523074991,5.9407977932047515
2018-07-24,0.011491571288272332,5.939894592431932
2018-07-25,0.010731376470465065,5.940716447337638
2018-07-26,0.010895405503587516,5.942063588122897
2018-07-27,0.009947318382727385,5.946189132605885
2018-07-28,0.009692292191981164,5.9503877106248835
2018-07-29,0.008799258992294732,5.9465787812359245
2018-07-30,0.0066273135010193355,5.948667749027995
2018-07-31,0.007412256857948606,5.947657420122997
2018-08-01,0.006234255844727945,5.947403673948803
2018-08-02,0.007132386725743627,5.9487396638304
2018-08-03,0.005204958679939392,5.94569744499931
2018-08-04,0.0053802498010269975,5.9439174708893
2018-08-05,0.005853392381765349,5.94191619181833
2018-08-06,0.007251856661646931,5.940707092864718
2018-08-07,0.00647852324589425,5.938631455544396
2018-08-08,0.006928835193322681,5.936255766915917
2018-08-09,0.005818708684692617,5.931509277236626
2018-08-10,0.006354782379086707,5.9323478637872356
2018-08-11,-0.005290919599018204,5.873333815888257
2018-08-12,-0.006336516482677263,5.871564787221464
2018-08-13,-0.00565645815240132,5.858397774135121
2018-08-14,-0.006504450964092542,5.865218036039903
2018-08-15,-0.00757632212286488,5.868724936368529
2018-08-16,-0.008076376429614712,5.870747225217999
2018-08-17,-0.00846233116810073,5.870631500147009
2018-08-18,-0.009011910705375582,5.867968940686391
2018-08-19,-0.006535697018551625,5.869648591269674
2018-08-20,-0.006264683161807866,5.875268849865268
2018-08-21,-0.006074667379547893,5.86950175225606
2018-08-22,-0.007050101635884484,5.862654761666141
2018-08-23,-0.007698072840825701,5.861443646269786
2018-08-24,-0.013927429626111909,5.86182702737751
2018-08-25,-0.013542283380689113,5.856009858114211
2018-08-26,-0.014670191534304258,5.85685234482711
2018-08-27,-0.01573131354783677,5.8540544499144005
2018-08-28,-0.015744478672409596,5.85670535318235
2018-08-29,-0.018251633885170673,5.8523490604050785
2018-08-30,-0.019999594343426314,5.855714994728294
2018-08-31,-0.020394155045868837,5.8552394396082725
2018-09-01,-0.01832551693865706,5.868618697352103
2018-09-02,-0.016756675017720768,5.8717914900104535
2018-09-03,-0.016090692608093808,5.86997616353233
2018-09-04,-0.015839585794574097,5.864556862515835
2018-09-05,-0.01588365242165138,5.867448866797974
2018-09-06,-0.01594615050639896,5.873630088035772
2018-09-07,-0.014371040940556317,5.867851462665478
2018-09-08,-0.014086263751685991,5.86221724672266
2018-09-09,-0.011776431061262022,5.852750590534
2018-09-10,-0.011913802108660589,5.848820348685531
2018-09-11,-0.013259937115800466,5.837940511285206
2018-09-12,-0.01072058093737527,5.843609740638531
2018-09-13,-0.00845349494566056,5.8300373876179
2018-09-14,-0.00797246082234463,5.839452098996273
2018-09-15,-0.006698286288123096,5.841590205472609
2018-09-16,-0.006340523505172667,5.849753093648667
2018-09-17,-0.006671422804365332,5.849035974793999
2018-09-18,-0.005215990089612713,5.854392338252341
2018-09-19,-0.004402843910019959,5.854286502083665
2018-09-20,0.008998733692959587,5.901267892005766
2018-09-21,0.009587755961371966,5.8991131582358465
2018-09-22,0.008806963202179966,5.904398996802343
2018-09-23,0.008389357286214809,5.908474904836692
2018-09-24,0.008981200675086105,5.908881588988003
2018-09-25,0.007266860792011551,5.910429742008745
2018-09-26,0.006612435027856088,5.911857141241127
2018-09-27,0.0112293143640366,5.916772587197503
2018-09-28,0.01020104958899832,5.925948451119247
2018-09-29,0.010619724956233761,5.924714217002501
2018-09-30,0.011940580857492973,5.92965999379036
2018-10-01,0.01120893109299354,5.936412555153066
2018-10-02,0.01209501290207437,5.9378537536220835
2018-10-03,0.017811660729926005,5.934832464230366
2018-10-04,0.018331863924889506,5.933430283738499
2018-10-05,0.01706375222508962,5.934516638072376
2018-10-06,0.017064630842885686,5.935745468364537
2018-10-07,0.018493242523000532,5.934007439848741
2018-10-08,0.01905740845809024,5.930535890574425
2018-10-09,0.018978802706019537,5.9295082686080764
2018-10-10,0.02002181501580164,5.926916664190219
2018-10-11,0.017728586274751285,5.921880538664878
2018-10-12,0.01655681011743158,5.9277009979931625
2018-10-13,0.01586096116489468,5.930138378682736
2018-10-14,0.016452740510001684,5.929280201814728
2018-10-15,0.018119522095541702,5.929454869109216
2018-10-16,0.017707986071112042,5.928116423853438
2018-10-17,0.01730467071705994,5.933623140704461
2018-10-18,0.017862956896112486,5.935563404928011
2018-10-19,0.014778815981339451,5.944352864796965
2018-10-20,0.013810792997072826,5.948454073517359
2018-10-21,0.01295272534201331,5.950090477967765
2018-10-22,0.012161183447089975,5.953203844564177
2018-10-23,0.010233930285781144,5.958303614005418
2018-10-24,0.010075938794999491,5.959337834209505
2018-10-25,0.008737308036385493,5.9610922662411046
2018-10-26,0.008682856273116572,5.960268746565577
2018-10-27,0.008737547510602465,5.958055817943025
2018-10-28,0.0082674881992882,5.958102003634126
2018-10-29,0.007351365808604904,5.963124648702428
2018-10-30,0.007843625931344553,5.962600285919297
2018-10-31,0.00725839935918894,5.965287478791078
2018-11-01,0.006689232084415079,5.965006551024662
2018-11-02,0.007316919293748437,5.964040145179999
2018-11-03,0.007202591470128168,5.96344112802024
2018-11-04,0.008342875561035086,5.961232128956238
2018-11-05,0.00753206341146655,5.962769376276763
2018-11-06,0.0036262146537671515,5.964845333534919
2018-11-07,0.004619502069383972,5.962144683336558
2018-11-08,0.0035667751070588855,5.962951973164006
2018-11-09,0.0026329444988690853,5.966119406730883
2018-11-10,0.0016543660881870776,5.9646582831296415
2018-11-11,0.00030121292545759183,5.96148445978794
2018-11-12,-0.004482626183258034,5.975203675489782
2018-11-13,-0.0058656838603380985,5.980859536137384
2018-11-14,-0.004791041438946099,5.980602312340129
2018-11-15,-0.003949745102611999,5.982029877991685
2018-11-16,-0.004652434819974738,5.98271512109608
2018-11-17,-0.005262232707451389,5.98167449500021
2018-11-18,-0.0046804036127455735,5.9814071667248445
2018-11-19,-0.005142487722986536,5.981235291878975
2018-11-20,-0.0033261751426955223,5.98453160605657
2018-11-21,-0.004077655056926601,5.983800586425421
2018-11-22,-0.003649898632083277,5.983981461420499
2018-11-23,-0.005581970526375191,5.981393542853905
2018-11-24,-0.006462376383760307,5.98107212216767
2018-11-25,-0.006995627599277499,5.980778238841284
2018-11-26,-0.006920588450649604,5.977842193012296
2018-11-27,-0.006634389756365111,5.977383677662275
2018-11-28,-0.007053605105508812,5.979801882260285
2018-11-29,-0.006259647389110967,5.9803008277739815
2018-11-30,-0.005912838146913343,5.981079003882723
2018-12-01,-0.005665057476385781,5.9798891348593255
2018-12-02,-0.006056985049808743,5.980585760231383
2018-12-03,-0.006389782413056613,5.976632141687841
2018-12-04,-0.005672573606868312,5.974423558373184
2018-12-05,-0.004424541155076512,5.977012183589127
2018-12-06,-0.004379763562605134,5.979568816810177
2018-12-07,-0.004874058291970444,5.9757876937101155
2018-12-08,-0.003449673047585384,5.976525950497381
2018-12-09,-0.0034947941309048337,5.975328862161371
2018-12-10,-0.0011698545565533706,5.96503239277431
2018-12-11,-0.002386226478011002,5.966634183736737
2018-12-12,-0.0005111283618453762,5.960118932137055
2018-12-13,0.0006762354557588901,5.955794142927812
2018-12-14,-0.0001995015112502345,5.950244245692032
2018-12-15,0.0025386600246373125,5.942441583027256
2018-12-16,0.0015288929259973363,5.934246130847178
2018-12-17,0.0008302800365888229,5.9321029732301405
2018-12-18,0.0002830195880976838,5.931549046842252
2018-12-19,-0.0007085366624242487,5.931944279068493
2018-12-20,-0.0015031309471409799,5.924334845718545
2018-12-21,-0.0013940701056664236,5.914566208838172
2018-12-22,-0.0025365006400293495,5.910095897304952
2018-12-23,-0.0024169949853115142,5.906968614625797
2018-12-24,-0.002151247055499899,5.896225616874899
2018-12-25,-0.0030915452934954127,5.8959770075269216
2018-12-26,-0.006553811063778199,5.897365560040599
2018-12-27,-0.0064237627922535245,5.887318613693695
2018-12-28,-0.0062341456241151744,5.880280870975013
2018-12-29,-0.007575035517749126,5.8804479401004635
2018-12-30,-0.00863033343539513,5.8776338724910655
2018-12-31,-0.00689560247327042,5.866543760912902
2019-01-01,-0.008362742047269002,5.871597469667566
2019-01-02,-0.005519329024686794,5.864649688811816
2019-01-03,-0.006725924247392645,5.867356758857092
2019-01-04,-0.004871664586565744,5.868478776211597
2019-01-05,-0.0056070442304916234,5.867481561654962
2019-01-06,-0.0059409388734130856,5.86199489367516
2019-01-07,-0.009651448063484882,5.869256403480577
2019-01-08,-0.010117073830378527,5.88474188655233
2019-01-09,-0.007902563316258259,5.867830610733715
2019-01-10,-0.00702303745772863,5.86970355570656
2019-01-11,-0.005018352737976746,5.8507440423680075
2019-01-12,-0.003212695965728789,5.887557416378348
2019-01-13,-0.003548929311821502,5.892784071421922
2019-01-14,-0.004634135528132046,5.898043280568863
2019-01-15,-0.003188470183983604,5.898495712503094
2019-01-16,-0.0033505263214592676,5.910311814260391
2019-01-17,-0.003027617712438523,5.9146639937670695
2019-01-18,-0.004980142341103279,5.922631802450853
2019-01-19,-0.006586992469634647,5.934523621737674
2019-01-20,-0.006463714034398892,5.93993155399656
2019-01-21,-0.008336482028902276,5.947744565369565
2019-01-22,-0.008804317084896485,5.9515723931733815
2019-01-23,-0.010212024261284145,5.958313892706192
2019-01-24,-0.010342473569259644,5.961614433092029
2019-01-25,-0.008652427659315601,5.966643901625575
2019-01-26,-0.008242980656104045,5.968070158328629
2019-01-27,-0.007906911955469375,5.967795657256038
2019-01-28,-0.007352776055323319,5.968673652903896
2019-01-29,-0.006222552449289617,5.972968490341497
2019-01-30,-0.005113944526240419,5.975223554297191
2019-01-31,-0.004028163734785967,5.97890455199277
2019-02-01,-0.0024933376878162245,5.980531099611599
2019-02-02,-0.003390139261625712,5.981055401232823
2019-02-03,-0.0018514471259670267,5.979596149183964
2019-02-04,-0.0001513048463391916,5.979702840932935
2019-02-05,0.0013023924642939313,5.980266585794456
2019-02-06,0.002647813954816661,5.980525339625654
2019-02-07,0.004230632892451737,5.980589204303499
2019-02-08,0.003582179927723857,5.981667129896476
2019-02-09,0.003335336786222474,5.984717354551199
2019-02-10,0.004399046188451297,5.987106136422334
2019-02-11,0.0033829953866640716,5.988401912343876
2019-02-12,0.0044051796971672314,5.987724763745753
2019-02-13,0.0033718810952847074,5.987666055494055
2019-02-14,0.0038209900776527564,5.989980641251047
2019-02-15,0.0017439805598986186,5.989854220329485
2019-02-16,0.004762189890843302,5.989310058144988
2019-02-17,0.00483499239594268,5.992032879633934
2019-02-18,0.003428319944840587,5.988861115907926
2019-02-19,0.0039112264299340236,5.987491780874081
2019-02-20,0.0044483299310631805,5.985579900555781
2019-02-21,0.0025910804870425217,5.987277833466735
2019-02-22,0.0033231413277962116,5.983081957093498
2019-02-23,0.0029652199463019767,5.983877805898751
2019-02-24,0.003909236559552723,5.982467074732046
2019-02-25,0.004452714350504131,5.9831200394150965
2019-02-26,0.005503178385419443,5.980516062515048
2019-02-27,0.006640940122224295,5.98565483617903
2019-02-28,0.008112816562482755,5.983314916147419
2019-03-01,0.008697114343686706,5.983476995319629
2019-03-02,0.010901236627361388,5.98588657923409
2019-03-03,0.011002202321992602,5.986482765840738
2019-03-04,0.012887111310299081,5.986558063958361
2019-03-05,0.013078283074370745,5.988022742098859
2019-03-06,0.013460956024089725,5.9894774653454235
2019-03-07,0.013690320796915931,5.987929635193414
2019-03-08,0.013109421127910451,5.988913687555936
2019-03-09,0.013535567647822414,5.988686526540854
2019-03-10,0.013410676715354716,5.987205445958519
2019-03-11,0.014558366846697934,5.983154163543796
2019-03-12,0.014162552658581592,5.979974619713683
2019-03-13,0.015199786956036306,5.978370872086698
2019-03-14,0.017284998003207305,5.972774677679338
2019-03-15,0.018955348070293754,5.97425171550797
2019-03-16,0.018855136402975207,5.970363746288851
2019-03-17,0.018515197781039404,5.9643956268447855
2019-03-18,0.016513669525527252,5.964560999299082
2019-03-19,0.016976724717783418,5.966062713597559
2019-03-20,0.01881249294925258,5.964486263066065
2019-03-21,0.019033039160159998,5.961888243363496
2019-03-22,0.019214796780060685,5.959659937121762
2019-03-23,0.018998763540108606,5.9513560017722655
2019-03-24,0.020039858302675576,5.945182798389559
2019-03-25,0.020821295556479047,5.948672270112357
2019-03-26,0.02211929904674755,5.948669599802832
2019-03-27,0.02408032853758516,5.952485891712449
2019-03-28,0.02439007995988696,5.950214693460681
2019-03-29,0.02526644194908354,5.95050326852778
2019-03-30,0.02628308294957795,5.95168214834582
2019-03-31,0.026616884411407166,5.947178839991014
2019-04-01,0.026843973114759407,5.947961881575068
2019-04-02,0.027895021069310275,5.946023160428767
2019-04-03,0.02835243935491428,5.944485201457184
2019-04-04,0.028297585763502137,5.943529683246832
2019-04-05,0.026965136115465575,5.947195293185764
2019-04-06,0.02720732636431774,5.94804015949628
2019-04-07,0.02674703049139495,5.9493488206827045
2019-04-08,0.026839663122142046,5.95078083374006
2019-04-09,0.027072021962777873,5.946394129354134
2019-04-10,0.027764053090309902,5.940689818489799
2019-04-11,0.02631915381878783,5.942745284487177
2019-04-12,0.02732348793306843,5.9392722628280845
2019-04-13,0.02642637300887647,5.942819564142056
2019-04-14,0.027138180129350365,5.94841161984812
2019-04-15,0.026651894648647954,5.951777668838148
2019-04-16,0.025412479757965928,5.949595995260971
2019-04-17,0.02604484418084851,5.945011486687964
2019-04-18,0.02568297791271126,5.946866397189804
2019-04-19,0.024163139682740562,5.945083816487924
2019-04-20,0.023506180460472835,5.9514477877173
2019-04-21,0.024828515639365632,5.942975535903304
2019-04-22,0.022832438940461327,5.944132777852514
2019-04-23,0.022254261029366153,5.950044881898724
2019-04-24,0.020400217789644667,5.960010275993591
2019-04-25,0.019411037729291057,5.959068066029694
2019-04-26,0.020386031972792464,5.962246080230397
2019-04-27,0.02217261898623472,5.9563223748993215
2019-04-28,0.021928836381957802,5.96072750385362
2019-04-29,0.021078465679653765,5.967789560590364
2019-04-30,0.02114177016824728,5.965683061298343
2019-05-01,0.02167625237799619,5.967103149415276
2019-05-02,0.022410906926618495,5.964565280600828
2019-05-03,0.022023850905929485,5.9692445858433825
2019-05-04,0.021667304458488506,5.9662773995033795
2019-05-05,0.02178980531476758,5.967333789324714
2019-05-06,0.021639702614440745,5.965776571996194
2019-05-07,0.020938573212247062,5.968419756284766
2019-05-08,0.021068565441899605,5.967038873929328
2019-05-09,0.020767870659966454,5.9677314080203985
2019-05-10,0.0189735303507032,5.970576438114059
2019-05-11,0.018266050045161887,5.971941252161372
2019-05-12,0.015088011487063202,5.975107421432091
2019-05-13,0.01367172612126703,5.975857055606106
2019-05-14,0.013351123009242589,5.979277029088541
2019-05-15,0.012867211844535676,5.977203731120579
2019-05-16,0.011370153799458525,5.977410314000058
2019-05-17,0.011518530591247954,5.973859557358005
2019-05-18,0.011056064941562952,5.970381746994435
2019-05-19,0.011048198699674465,5.968129402556658
2019-05-20,0.01013390217611121,5.965394221594995
2019-05-21,0.009530043074669991,5.9633595645125785
2019-05-22,0.00816385264497908,5.964440599415553
2019-05-23,0.008382190681093138,5.964419107709392
2019-05-24,0.009369054364156942,5.957417063718454
2019-05-25,0.008648090076415729,5.959755168138347
2019-05-26,0.00821032488700404,5.9585505767574976
2019-05-27,0.008511817651262446,5.951068347964338
2019-05-28,0.008223773825470094,5.949463587410584
2019-05-29,0.008673761300370094,5.94816096641328
2019-05-30,0.009067763544695918,5.938293532200972
2019-05-31,0.007469214165480271,5.937005634844616
2019-06-01,0.008072120091854736,5.938089290389863
2019-06-02,0.005204640801964223,5.941198520430445
2019-06-03,0.0010464023047217779,5.948488599570772
2019-06-04,0.0012348160063925164,5.955282127370656
2019-06-05,0.0005409253693062616,5.957040844818158
2019-06-06,-0.0003752677635397205,5.960797619528995
2019-06-07,-0.0004097604337232023,5.954935268207839
2019-06-08,0.0013965134178494803,5.943607767140545
2019-06-09,0.001761607915267853,5.910650517140924
2019-06-10,0.005417333915117151,5.876224702494506
2019-06-11,0.008835720651346702,5.864048184109118
2019-06-12,0.008069451681060017,5.854252583665342
2019-06-13,0.008278292333803535,5.858861920032264
2019-06-14,0.008183467086387973,5.8548924617949725
2019-06-15,0.011224397572364176,5.846950906970318
2019-06-16,0.011412854083439847,5.846185949981074
2019-06-17,0.010428673776559053,5.853305466196436
2019-06-18,0.01010049528705087,5.852100488622401
2019-06-19,0.010375406414653442,5.856821882074509
2019-06-20,0.010113798970116421,5.860262932688047
2019-06-21,0.013323642939706136,5.843418520778476
2019-06-22,0.01437414543557184,5.846674961137557
2019-06-23,0.014316400554600095,5.835091134284492
2019-06-24,0.017262549940500145,5.828114507084207
2019-06-25,0.019745684228626492,5.821114489996132
2019-06-26,0.018381348323242817,5.825124109790877
2019-06-27,0.017382531321098096,5.829339788304112
2019-06-28,0.015626008767881245,5.85288672945256
2019-06-29,0.016273772699585173,5.860845795045352
2019-06-30,0.01576255710674741,5.860217741168188
2019-07-01,0.016025724538573857,5.848556808416068
2019-07-02,0.014180535691074594,5.8452490315391685
2019-07-03,0.012851704573605885,5.85923404849691
2019-07-04,0.014148434196091306,5.857591549458065
2019-07-05,0.014439445254166046,5.8522418582570435
2019-07-06,0.01178206406307609,5.865957337236068
2019-07-07,0.010092609807251898,5.861394453531658
2019-07-08,0.0087805612692946,5.865308405202423
2019-07-09,0.008473616301036628,5.87535384956823
2019-07-10,0.00909528603436521,5.882897724495676
2019-07-11,0.00903411605053914,5.880969759960065
2019-07-12,0.011881552702919903,5.8689181801312165
2019-07-13,0.015951101149186242,5.856175922678319
2019-07-14,0.016353244373688243,5.845436238321814
2019-07-15,0.014273595983896086,5.836133771539022
2019-07-16,0.013660576932755795,5.8425380743021424
2019-07-17,0.012601341567748121,5.848683189974954
2019-07-18,0.008788902878204745,5.86925010421296
2019-07-19,0.009140587128312937,5.9133589666225745
2019-07-20,0.0033220528742554105,5.911153608288934
2019-07-21,0.00014668238389347555,5.9122205155029315
2019-07-22,-0.0016516455149970994,5.908032398060911
2019-07-23,-0.003240527231495973,5.903075930579858
2019-07-24,-0.003502703147955822,5.90696056888793
2019-07-25,-0.005643013461553112,5.9068736278746545
2019-07-26,-0.00492808362177934,5.910152396947176
2019-07-27,-0.006707139129562976,5.915193840445885
2019-07-28,-0.007961428868979183,5.915281021186836
2019-07-29,-0.010013460485167073,5.912952674806907
2019-07-30,-0.009840321333549416,5.912895555743293
2019-07-31,-0.013685043731098096,5.907857271221814
2019-08-01,-0.017164930979263467,5.901653986088944
2019-08-02,-0.017103975986939468,5.911186076971987
2019-08-03,-0.020485806040546745,5.905342823268777
2019-08-04,-0.02228761106283502,5.908276805698399
2019-08-05,-0.022067979449312537,5.909135600637606
2019-08-06,-0.021775619651952145,5.907959204208424
2019-08-07,-0.0223238679247932,5.897080347631841
2019-08-08,-0.023479316902814483,5.8892226368947895
2019-08-09,-0.022878754912018604,5.895786000631713
2019-08-10,-0.023210013640863593,5.902836088248231
2019-08-11,-0.0227413358702558,5.902957438320741
2019-08-12,-0.023319043141323034,5.906357243968237
2019-08-13,-0.02636249825859351,5.895612666434268
2019-08-14,-0.026635322880680316,5.891387051531266
2019-08-15,-0.025037916984166613,5.884252545250571
2019-08-16,-0.03116716935604988,5.858103737560563
2019-08-17,-0.033644851597510406,5.827988185464221
2019-08-18,-0.035098401928018726,5.803454001141015
2019-08-19,-0.03624626655877869,5.787485440765348
2019-08-20,-0.038466563406131825,5.776523682080091
2019-08-21,-0.04705810625529029,5.766685292145927
2019-08-22,-0.05158982667095921,5.74926179029296
2019-08-23,-0.05567464910741961,5.719035284876194
2019-08-24,-0.052392260404264125,5.737612886796952
2019-08-25,-0.05178339022020623,5.733427356571944
2019-08-26,-0.05368266203782361,5.721130567647144
2019-08-27,-0.052995117777262006,5.712969721533379
2019-08-28,-0.05801249523812322,5.688998024793856
2019-08-29,-0.057885433838753525,5.690085111766299
2019-08-30,-0.059715810593183725,5.678095915492919
2019-08-31,-0.056326258551030746,5.662609768094488
2019-09-01,-0.05578759597624074,5.700901947964196
2019-09-02,-0.056047936981055084,5.704113393613888
2019-09-03,-0.06237014320260125,5.676112128871273
2019-09-04,-0.06418471115033518,5.686028189747273
2019-09-05,-0.06649339974904447,5.6579137266345825
2019-09-06,-0.06587517621368924,5.646289139124175
2019-09-07,-0.06632054081666512,5.6056480061668035
2019-09-08,-0.0688444397096972,5.562106429365978
2019-09-09,-0.06773460155418515,5.521026067232137
2019-09-10,-0.06472421166008842,5.488279694739442
2019-09-11,-0.06350177173834827,5.52066378679423
2019-09-12,-0.06165125177688866,5.56298248942732
2019-09-13,-0.056187019480431304,5.59504901244424
2019-09-14,-0.05264467301258369,5.624351496078919
2019-09-15,-0.050122788103844226,5.65033684476753
2019-09-16,-0.0487917704116861,5.670013764755326
2019-09-17,-0.043870563994893044,5.699865595557006
2019-09-18,-0.04413063466445542,5.697780007587306
2019-09-19,-0.04235553997737623,5.720067091407051
2019-09-20,-0.042485081901645586,5.723255029401257
2019-09-21,-0.042485081901645586,5.723255029401257
2019-09-22,-0.04042311511121257,5.756116676855552
2019-09-23,-0.036453670231779936,5.749016105775827
2019-09-24,-0.0349028903099872,5.769049403122134
2019-09-25,-0.0300966948502741,5.825082555518552
2019-09-26,-0.02423547651120296,5.865917403518507
2019-09-27,-0.02215904161695207,5.8733205468799765
2019-09-28,-0.020040236536270267,5.9011852520279415
2019-09-29,-0.01970788875198005,5.9047191953707605
2019-09-30,-0.01031379478880315,5.922598635589214
2019-10-01,-0.00803162490850584,5.933746019375597
2019-10-02,-0.00804189146680349,5.946305091336135
2019-10-03,-0.0065009953207642085,5.948053787096481
2019-10-04,-0.005317940554563352,5.956191453575402
2019-10-05,-0.005379550525232083,5.9602386123555
2019-10-06,-0.006591275083705437,5.9634786711008365
2019-10-07,-0.00573757008396673,5.96507504912014
2019-10-08,-0.0043942035916272005,5.961937958093614
2019-10-09,-0.0018375778283584161,5.969162019689073
2019-10-10,-0.002610351896229677,5.977669692353056
2019-10-11,-0.0033773793296773096,5.976214275463912
2019-10-12,-0.0027239020228444462,5.975121244828807
2019-10-13,-0.00044243334178436985,5.9737124989332315
2019-10-14,-0.00021930471505339583,5.974671494320965
2019-10-15,-0.0003129247687823705,5.97423118701599
2019-10-16,0.0007552902421164526,5.97683938255957
2019-10-17,0.0036692290758536085,5.976806565480407
2019-10-18,0.003678977018499175,5.977908468858566
2019-10-19,0.005662495188706746,5.975647395775458
2019-10-20,0.004134008951742885,5.973600722838718
2019-10-21,0.0044711790969143815,5.975762405229051
2019-10-22,0.006361622224729271,5.975602789881226
2019-10-23,0.0070032842221829815,5.9724939630088025
2019-10-24,0.006370074739197315,5.971213530302186
2019-10-25,0.005423261811856153,5.973945909018822
2019-10-26,0.006633018903402305,5.975091430648697
2019-10-27,0.005606915398657953,5.977141548005471
2019-10-28,0.00495976773498337,5.975333406669097
2019-10-29,0.005620929869613676,5.972944746925628
2019-10-30,0.0065649539007281155,5.974134162215214
2019-10-31,0.006133050100741969,5.974484773880198
2019-11-01,0.005534092373874661,5.976716166533344
2019-11-02,0.003940321056119476,5.977955259623483
2019-11-03,0.0037692669655153754,5.978628104559001
2019-11-04,0.004677520344475423,5.977311772096476
2019-11-05,0.004132867086904029,5.981023701257374
2019-11-06,0.004083263635790652,5.982783969946814
2019-11-07,0.0038179207116051032,5.983831296925431
2019-11-08,0.00418588643917833,5.982776671407587
2019-11-09,0.0035229973746500457,5.983434911265266
2019-11-10,0.003668902551868546,5.981499768506162
2019-11-11,0.003415061216690281,5.9837054744832185
2019-11-12,0.004906051162587829,5.9841301286974184
2019-11-13,0.006027858636574148,5.983143357293418
2019-11-14,0.007864532340381456,5.979285212023122
2019-11-15,0.010461217616232702,5.977613716561044
2019-11-16,0.010063350177673099,5.978803034773275
2019-11-17,0.01018130181071674,5.981281688657223
2019-11-18,0.008283846966660695,5.981231996779456
2019-11-19,0.00936888174400847,5.980321493854122
2019-11-20,0.011007622570248139,5.975785878211498
2019-11-21,0.012068112897412202,5.9739594719823526
2019-11-22,0.012824798336239854,5.973882318508683
2019-11-23,0.013260869872063444,5.971413812863836
2019-11-24,0.013582335199812582,5.9711120865141964
2019-11-25,0.012299764570934834,5.965425818379759
2019-11-26,0.011015972513574094,5.962323503403988
2019-11-27,0.011169866818310607,5.958825249692529
2019-11-28,0.009409851214568166,5.965888156428842
2019-11-29,0.011235697593685085,5.97219802130125
2019-11-30,0.012018919812787104,5.973810678480086
2019-12-01,0.011970545754267772,5.972324495014265
2019-12-02,0.010714678729202533,5.974784515424221
2019-12-03,0.011147115153876827,5.972486718557882
2019-12-04,0.014675012203247517,5.96585906731625
2019-12-05,0.01626281260551887,5.96644007877731
2019-12-06,0.018371083074271006,5.955403129433432
2019-12-07,0.0200458696463406,5.950125211472993
2019-12-08,0.020751238781953577,5.947492750491155
2019-12-09,0.021231011446788656,5.948944386269034
2019-12-10,0.02149147858335474,5.946847002944781
2019-12-11,0.023679990922799876,5.943417786306482
2019-12-12,0.02301383584056753,5.940586784926671
2019-12-13,0.025519408480237454,5.933202811466711
2019-12-14,0.024767565772224706,5.937483582103194
2019-12-15,0.0246192076497926,5.93591801062983
2019-12-16,0.025186174146193074,5.933249048008997
2019-12-17,0.02562211420789669,5.9307576412777125
2019-12-18,0.025214505406723712,5.929572223754605
2019-12-19,0.026242991111597905,5.927667674810293
2019-12-20,0.026962827634115668,5.927699966493295
2019-12-21,0.028834913724437455,5.925223827003242
2019-12-22,0.025417640630792774,5.930943002148813
2019-12-23,0.0242475121768449,5.930470557477268
2019-12-24,0.02255096686485755,5.939228464008371
2019-12-25,0.01982570616343202,5.938624789945896
2019-12-26,0.01963122405951258,5.9368298097992165
2019-12-27,0.018749694995770186,5.9339955425811866
2019-12-28,0.01854038007284607,5.9309386632975745
2019-12-29,0.018080152477054665,5.930587158346458
2019-12-30,0.0166699150375955,5.934027538894332
2019-12-31,0.015911161441281456,5.933498065223736
2020-01-01,0.016083068290278977,5.934698173671022
2020-01-02,0.01558320676690379,5.933007948272076
2020-01-03,0.015471647224376366,5.93107773369277
2020-01-04,0.016473363087207954,5.93449579139165
2020-01-05,0.016428825075983196,5.930865308217308
2020-01-06,0.015651168150513626,5.935010096593912
2020-01-07,0.015193860805511642,5.939485280160962
2020-01-08,0.014391407261668746,5.934155054146771
2020-01-09,0.014702166302664825,5.93502288683163
2020-01-10,0.013398588592769382,5.937161774172129
2020-01-11,0.013796244008808035,5.935444499249907
2020-01-12,0.012532007240049978,5.936974721958704
2020-01-13,0.009078171919348357,5.943717286715522
2020-01-14,0.006278797177501062,5.953844399239652
2020-01-15,0.0031419616162706417,5.963297950730672
2020-01-16,0.002114173410392137,5.970136468485438
2020-01-17,0.002464989951851316,5.972086884595489
2020-01-18,0.0010441478570068496,5.972327984453164
2020-01-19,0.0015235624440696621,5.97435552593757
2020-01-20,-0.0002164529156101504,5.9750871978504
2020-01-21,-0.0014112920499091434,5.9756958756910725
2020-01-22,-0.002361890692492458,5.974074060934075
2020-01-23,-0.001558285100184937,5.97770681996769
2020-01-24,-0.0009160178489672127,5.977495461546361
2020-01-25,-0.0007638877048164302,5.978168252885132
2020-01-26,-0.0015703551324538242,5.978424674362852
2020-01-27,-0.0011930210704361812,5.98081067623945
2020-01-28,-0.0021343809241930727,5.981903403372135
2020-01-29,-0.0031228521340892325,5.981845767842071
2020-01-30,-0.004357838818586191,5.979774935974243
2020-01-31,-0.0038079025363649812,5.980083533852429
2020-02-01,-0.003975083812374763,5.981938626486438
2020-02-02,-0.0033874643418639254,5.983181497419125
2020-02-03,-0.0018058217311234654,5.984469560610094
2020-02-04,-0.0019863827044961867,5.981898153223723
2020-02-05,-0.0023080808838333894,5.982680879969367
2020-02-06,-0.00019647335037912314,5.982872881082924
2020-02-07,0.00017639654602701274,5.98438635255751
2020-02-08,0.0015079654173997476,5.986986929887536
2020-02-09,0.0021570151142445916,5.9879340541519674
2020-02-10,0.0012208336972503663,5.988610771224712
2020-02-11,0.0027066182421235365,5.989884340659624
2020-02-12,0.0025609617771597246,5.989508831243776
2020-02-13,0.0014410517861885926,5.9893968210534805
2020-02-14,0.0025216475120337202,5.989139320702072
2020-02-15,0.0034101624168387653,5.985695532199597
2020-02-16,0.004128898428459631,5.984393837333265
2020-02-17,0.003991078524792921,5.9826498682372815
2020-02-18,0.004327513623031111,5.98192716637701
2020-02-19,0.004180865793985761,5.982875179408718
2020-02-20,0.0062950341929975985,5.982423175398773
2020-02-21,0.007472376390009963,5.978078981158186
2020-02-22,0.008025876273960406,5.977004419937274
2020-02-23,0.008429020955613082,5.978436000886226
2020-02-24,0.008065360576528501,5.97766474919661
2020-02-25,0.007974288168711548,5.977932037538055
2020-02-26,0.006117743980419351,5.975704483876613
2020-02-27,0.006538312743031183,5.975684095608135
2020-02-28,0.006213106345037691,5.97822703042093
2020-02-29,0.005715580024294554,5.976405079671475
2020-03-01,0.006451310149829056,5.972655301914317
2020-03-02,0.004657219062824849,5.9740287969389
2020-03-03,0.004759406994870128,5.970173688260887
2020-03-04,0.004320989747307267,5.969534617422984
2020-03-05,0.004216821181504916,5.968423764541821
2020-03-06,0.004562810496819702,5.968647589283744
2020-03-07,0.003461445972934649,5.969287737269498
2020-03-08,0.004123765468917223,5.96900721688605
2020-03-09,0.005311196340933961,5.970549007217288
2020-03-10,0.006314428214586926,5.969289941389846
2020-03-11,0.007257609836944141,5.9690898854942205
2020-03-12,0.0071698901722944755,5.970337547398105
2020-03-13,0.006831047035164833,5.969262203990727
2020-03-14,0.006005691067055385,5.970643803860365
2020-03-15,0.006873138621201301,5.970304575419421
2020-03-16,0.007954220588565568,5.969829648288849
2020-03-17,0.0064571795737881485,5.968995387396126
2020-03-18,0.005916502966234223,5.970813661599492
2020-03-19,0.00462209380586085,5.9729605023291485
2020-03-20,0.003888800505635539,5.974563780768316
2020-03-21,0.004850234301456736,5.975389873858201
2020-03-22,0.0033904353904988084,5.973833149840592
2020-03-23,0.004088475828381232,5.976683491187843
2020-03-24,0.0052075648765408334,5.979813378221789
2020-03-25,0.0035438513227609965,5.982337564313655
2020-03-26,0.0030189907712258766,5.984682924597206
2020-03-27,0.0030161639998018044,5.984145178627575
2020-03-28,0.004424089438191573,5.983800854088249
2020-03-29,0.004330939605502191,5.984134488392456
2020-03-30,0.003716258805582227,5.982791817783588
2020-03-31,0.0016949860239097825,5.984275602926954
2020-04-01,0.0014539801167305288,5.982265124047666
2020-04-02,0.0011421400236557042,5.979853568647924
2020-04-03,-2.7529012049465924e-05,5.97839745586632
2020-04-04,0.00038889816378388304,5.976833546616316
2020-04-05,0.0005288746568201248,5.97847305324513
2020-04-06,0.002038870640903334,5.974704225700844
2020-04-07,0.0025039082050417136,5.974258052435005
2020-04-08,0.0033242146689621403,5.975266584697843
2020-04-09,0.0037811774267922003,5.974638185614296
2020-04-10,0.0049994457247922175,5.974487897183982
2020-04-11,0.0058966497051074415,5.974573487327074
2020-04-12,0.007291771467496396,5.972178180174031
2020-04-13,0.007722834172729504,5.9718415163783165
2020-04-14,0.007800035623385781,5.971163668862171
2020-04-15,0.007223276075777082,5.973605632697253
2020-04-16,0.008709024922812971,5.97210461059621
2020-04-17,0.008266632880323496,5.969675551508807
2020-04-18,0.00867392805775045,5.969013720419891
2020-04-19,0.008791575727657439,5.967823883977456
2020-04-20,0.009821242400367565,5.962503133235631
2020-04-21,0.009820628965932388,5.961482155426703
2020-04-22,0.009619086443356385,5.959792359308114
2020-04-23,0.01058427395603745,5.954360147546432
2020-04-24,0.009797518839945127,5.954314720192278
2020-04-25,0.009964499081771279,5.952268032409011
2020-04-26,0.009851866191830044,5.950154859039649
2020-04-27,0.01007008610325061,5.948421054388061
2020-04-28,0.011693899236930974,5.948859424597577
2020-04-29,0.012148322898924525,5.941164238641895
2020-04-30,0.011958330937443393,5.940845375958428
2020-05-01,0.011795142624899894,5.937860311627713
2020-05-02,0.012510795905074727,5.9326320876611565
2020-05-03,0.012610365081226114,5.932500566779538
2020-05-04,0.013583100204488045,5.9278896596578665
2020-05-05,0.014216235286276078,5.927935914076227
2020-05-06,0.014780226007048734,5.922573101016856
2020-05-07,0.013705437086530827,5.9344498086580835
2020-05-08,0.013329272481074664,5.9335405976229865
2020-05-09,0.015321117729613122,5.938589252393345
2020-05-10,0.016350845860721122,5.935286532538669
2020-05-11,0.016362130486881305,5.947527878029904
2020-05-12,0.017900705461568554,5.951564699346301
2020-05-13,0.018416150394798624,5.953127685285026
2020-05-14,0.01963706450169031,5.954873860835536
2020-05-15,0.02065325489477059,5.944628307016622
2020-05-16,0.018292365282828196,5.944315906938606
2020-05-17,0.020266861073443155,5.942548242802251
2020-05-18,0.01806429717128258,5.939512675637639
2020-05-19,0.018633303177523913,5.942616686368008
2020-05-20,0.012712687716074948,5.941872765025176
2020-05-21,0.014620815190702342,5.9367548305039834
2020-05-22,0.009145886873460492,5.927998989236559
2020-05-23,0.011497491604873388,5.913271054722573
2020-05-24,0.01066776935829768,5.911699372125973
2020-05-25,0.00968075480018287,5.901907470287622
2020-05-26,0.005952814408716772,5.890182760434582
2020-05-27,0.005205287023791781,5.903700446708107
2020-05-28,0.005089804365459977,5.904966342640161
2020-05-29,0.000555068811721635,5.897604019233496
2020-05-30,-0.006120589707705028,5.916440905803745
2020-05-31,-0.006108960796081686,5.91301970807013
2020-06-01,-0.007183785698335432,5.9161714834815085
2020-06-02,-0.006670687438473492,5.9241445204111205
2020-06-03,-0.006095075166720571,5.929598113554272
2020-06-04,-0.006591424417832921,5.927066817664663
2020-06-05,-0.005929101351036752,5.927970653238327
2020-06-06,-0.004675953545765282,5.938544427364681
2020-06-07,-0.004483321709910156,5.938841480378279
2020-06-08,-0.003302363323520109,5.940027797663398
2020-06-09,-0.0032812207172299122,5.938532147827377
2020-06-10,-0.002404111420966088,5.939957135758064
2020-06-11,-0.0027844331138939075,5.94197325684595
2020-06-12,-0.0029316005464502027,5.939498060236026
2020-06-13,-0.0020207522326805495,5.942977550079518
2020-06-14,-0.0022199684989647217,5.946048341398987
2020-06-15,-0.0021869916995098013,5.943363044158232
2020-06-16,-0.0010205929713992014,5.942150329339837
2020-06-17,-0.0011685121878023041,5.941659096965002
2020-06-18,-0.002599425479606552,5.939017053954345
2020-06-19,-0.0016264403827790986,5.937879183062991
2020-06-20,-0.0018872780796255688,5.93691537991078
2020-06-21,0.0003282516298963422,5.932020920480254
2020-06-22,0.0008606311956277382,5.932836423579189
2020-06-23,0.000833935586525698,5.932873758327225
2020-06-24,0.0005489193314446472,5.9351121305268135
2020-06-25,0.001438789684369372,5.938544951965962
2020-06-26,-0.00024711616867874005,5.933148554705819
2020-06-27,0.0001829653727796618,5.9330549195713775
2020-06-28,0.0007392754529343068,5.933585243222881
2020-06-29,0.001676143734888708,5.937558632994659
2020-06-30,0.0008128971178838213,5.941239593136193
2020-07-01,0.002711288115330914,5.949742170890138
2020-07-02,0.0009291575020620407,5.950312829064553
2020-07-03,0.00039890740289208243,5.951548676950663
2020-07-04,5.361171975414338e-05,5.95238059475954
2020-07-05,-0.0010663524522477419,5.951942414086881
2020-07-06,-0.00104723644918785,5.948900723411967
2020-07-07,-0.0015020968181698304,5.947604198048743
2020-07-08,-0.0006588612106527675,5.954813679343972
2020-07-09,-0.0003129811092885022,5.955416743670759
2020-07-10,-0.0007511153419021028,5.9601798066496485
2020-07-11,0.00018179660655636166,5.958851509410327
2020-07-12,-0.0008055509514149813,5.955324755920471
2020-07-13,-0.0011292590537150932,5.950392949174744
2020-07-14,0.0004428422075396997,5.950970910527601
2020-07-15,-9.711352339968322e-05,5.948207409130997
2020-07-16,-0.00014372167450046614,5.945378635085235
2020-07-17,0.0008931845854364727,5.945717970306787
2020-07-18,0.00011874803156968446,5.945014844277515
2020-07-19,0.0013186803036788577,5.948560741078732
2020-07-20,0.0008932505523135778,5.948874248879955
2020-07-21,0.001960955503135023,5.948120259887579
2020-07-22,0.0022343364549076337,5.948807076504677
2020-07-23,0.0016400472075812648,5.9477623214673585
2020-07-24,0.0015033137157529869,5.949091987858014
2020-07-25,0.001909560229776675,5.954752555582884
2020-07-26,0.0012598306486158479,5.955864102096735
2020-07-27,0.0016617735883530185,5.958111035871735
2020-07-28,0.0033364386951750995,5.964038331228582
2020-07-29,0.0022345971568676387,5.963216657793039
2020-07-30,0.0032898234071858006,5.9504486590443415
2020-07-31,0.0019791231763120532,5.952590323316726
2020-08-01,0.0033011588774275384,5.948876565125288
2020-08-02,0.0024301810516484863,5.948696503388518
2020-08-03,0.002464737692588897,5.940793092385803
2020-08-04,0.002432247816169777,5.943233779635529
2020-08-05,0.004529926647481627,5.94623440694327
2020-08-06,0.004983235500237815,5.943763228232202
2020-08-07,0.006050898746364121,5.9495092168359545
2020-08-08,0.006176893179428147,5.9497495860522145
2020-08-09,0.008384605269162432,5.950934439279921
2020-08-10,0.007342695245069723,5.9493863534488804
2020-08-11,0.007620699912622909,5.948309331448291
2020-08-12,0.007661723545000287,5.946188056119946
2020-08-13,0.00835413059994134,5.942225351052453
2020-08-14,0.010082548349346805,5.944078673151058
2020-08-15,0.00970092131094684,5.944707441315334
2020-08-16,0.010544902732564206,5.942152747711266
2020-08-17,0.012049246603599299,5.9414737563502555
2020-08-18,0.012882876176838674,5.939883864344613
2020-08-19,0.013888435939694849,5.938949661135017
2020-08-20,0.01379110396377302,5.938176071677886
2020-08-21,0.014119678346733628,5.941214638221117
2020-08-22,0.015482814164423592,5.9388801136713045
2020-08-23,0.014296285577119695,5.936609805489379
2020-08-24,0.014750730758393662,5.941279275361379
2020-08-25,0.015830522781921028,5.934484502108332
2020-08-26,0.014997799248975261,5.9375869159322505
2020-08-27,0.015608850884455778,5.9377962187925695
2020-08-28,0.014261542383632546,5.933592317650049
2020-08-29,0.015706006085296594,5.927898262778961
2020-08-30,0.016512666762619223,5.924524846271277
2020-08-31,0.017010959678707027,5.919688241908384
2020-09-01,0.017933000056894972,5.916239744712561
2020-09-02,0.018404881306058968,5.915277979333895
2020-09-03,0.017565823048807903,5.888451973627093
2020-09-04,0.018593400466215312,5.8899796705382625
2020-09-05,0.018508990058915587,5.894502493242194
2020-09-06,0.019071594240440408,5.888930279473278
2020-09-07,0.01943333233122787,5.887409672903926
2020-09-08,0.019143261517329188,5.927454925914775
2020-09-09,0.017969227772949424,5.932118114532501
2020-09-10,0.01506179784349187,5.936312184296587
2020-09-11,0.01535091756151931,5.9340139455084016
2020-09-12,0.016652495364499496,5.944398958671293
2020-09-13,0.016769476537238454,5.946445764623071
2020-09-14,0.016988805896818678,5.946750024744286
2020-09-15,0.016940761840574903,5.948047352358248
2020-09-16,0.016583291431470235,5.941504535928605
2020-09-17,0.017054229256421832,5.941188815051808
2020-09-18,0.014570416851107371,5.9381507561283815
2020-09-19,0.014853141931935595,5.928990084086419
2020-09-20,0.01538972601406434,5.928497404737537
2020-09-21,0.01605170019468785,5.928696277397854
2020-09-22,0.016618797931989046,5.933181104819497
2020-09-23,0.01604050668551758,5.9317170029248905
2020-09-24,0.016272624728221646,5.9315113318211425
2020-09-25,0.014927717567072082,5.930669415389945
2020-09-26,0.012622721189189747,5.932357443074674
2020-09-27,0.012521487331375125,5.929643740273578
2020-09-28,0.012011330037752973,5.924817366556173
2020-09-29,0.012195278877319818,5.924216909313719
2020-09-30,0.013052326558801472,5.925082306710287
2020-10-01,0.01244192296169204,5.921374411709525
2020-10-02,0.010961881439939229,5.922320246719596
2020-10-03,0.011219496256797926,5.9260736948526125
2020-10-04,0.009046144994620336,5.930790714302249
2020-10-05,0.00801862874156565,5.927170982910469
2020-10-06,0.007958231216103053,5.932961583559802
2020-10-07,0.007081874234021465,5.934787535115009
2020-10-08,0.0057408575075357715,5.934069674700922
2020-10-09,0.003768523473074334,5.940314833748129
2020-10-10,0.004132232019007509,5.939280995151515
2020-10-11,0.003796652100356725,5.941985976155433
2020-10-12,0.003796652100356725,5.941985976155433
2020-10-13,0.00501657700363714,5.952131026987897
2020-10-14,0.004268932400548627,5.94833380263628
2020-10-15,0.003887149686818518,5.946694995812152
2020-10-16,0.003832888521315573,5.946859225838206
2020-10-17,0.004153603298346821,5.946522385289193
2020-10-18,0.0019531508159400823,5.946184493901091
2020-10-19,0.00015769466683057874,5.945095135908439
2020-10-20,-0.0008835105269679345,5.944677549183711
2020-10-21,0.00013608359452437342,5.946723737969199
2020-10-22,-0.001833182405408277,5.947747360088967
2020-10-23,-0.00261864724758117,5.946209386563114
2020-10-24,-0.004329963888376578,5.942339754071924
2020-10-25,-0.00456297614235738,5.94271970548893
2020-10-26,-0.006363414240417817,5.946399237282463
2020-10-27,-0.006880899962657319,5.945960167321616
2020-10-28,-0.007540750827496529,5.948006070764733
2020-10-29,-0.007270026404585537,5.950452455443083
2020-10-30,-0.008458422734301696,5.950671251203146
2020-10-31,-0.00740203278915854,5.9533251293083485
2020-11-01,-0.005926228717919369,5.9521019284692676
2020-11-02,-0.007030250775457638,5.950047916764433
2020-11-03,-0.0049195588774854455,5.952777516364022
2020-11-04,-0.004345689099178351,5.954781564548718
2020-11-05,-0.0031784870782636727,5.953694096413812
2020-11-06,-0.004649486147699716,5.954196357709626
2020-11-07,-0.002725285478415567,5.955682949133925
2020-11-08,-0.003362722775798385,5.953901314697421
2020-11-09,-0.0049778687394527255,5.955221285969863
2020-11-10,-0.005389228103682706,5.959051048655097
2020-11-11,-0.004087413332803643,5.958889324574113
2020-11-12,-0.0036357880253997045,5.9604723858160025
2020-11-13,-0.00259745965458725,5.952715957662006
2020-11-14,-0.0033566456528549464,5.951994654623016
2020-11-15,-0.00258650016049969,5.951255492573931
2020-11-16,-0.002506426421078877,5.952159527155853
2020-11-17,-0.0031206503043819745,5.952327824295566
2020-11-18,-0.0036249516158066487,5.946757944347598
2020-11-19,-0.004500360567651445,5.946053112627554
2020-11-20,-0.004465503774638371,5.94671204179306
2020-11-21,-0.004528763978525306,5.945696833514513
2020-11-22,-0.0036666443846181656,5.9464663200953165
2020-11-23,-0.0036486569773768428,5.948261311175896
2020-11-24,-0.004150597329719142,5.9462175588656
2020-11-25,-0.00377354906238988,5.947731426228002
2020-11-26,-0.003962588317865636,5.948335973236849
2020-11-27,-0.002791194591929438,5.946377837955035
2020-11-28,-0.0018063723809231046,5.946097117684169
2020-11-29,-0.0013033121954402103,5.946098734403562
2020-11-30,-0.0018828518001793495,5.945484394378204
2020-12-01,-0.002392727841604073,5.9409658562199965
2020-12-02,-0.007299137382623535,5.9359870288571335
2020-12-03,-0.007013087136377273,5.934836647315741
2020-12-04,-0.007467195516736101,5.934111394501775
2020-12-05,-0.007286776872587693,5.934076527997964
2020-12-06,-0.007778582385472377,5.932714265233088
2020-12-07,-0.007616258946405535,5.929390217855495
2020-12-08,-0.007268421649267982,5.928846679507458
2020-12-09,-0.006799166196587445,5.928336868059282
2020-12-10,-0.007955873900311774,5.9258886183055655
2020-12-11,-0.010370940198048859,5.920048404064193
2020-12-12,-0.009565741137258272,5.9168919162530385
2020-12-13,-0.011683559250888006,5.914191155457543
2020-12-14,-0.011976834184592729,5.908086978418177
2020-12-15,-0.012214092590941823,5.906193096402081
2020-12-16,-0.011496794259537365,5.902437664321599
2020-12-17,-0.01326273029342572,5.902353219157019
2020-12-18,-0.013419243261152557,5.897448272915622
2020-12-19,-0.012469503006167266,5.894614017347549
2020-12-20,-0.012502287774412701,5.890008124353212
